index,Actual_pH,n,mean,std,min,max
0,2.02,3,45.0,1.0,44.0,46.0
1,4.05,3,62.0,2.0,60.0,64.0
2,6.01,3,84.66666666666667,1.5275252316519452,83.0,86.0
3,6.19,3,95.0,2.0,93.0,97.0
4,6.42,3,108.0,2.0,106.0,110.0
5,6.61,3,124.0,2.0,122.0,126.0
6,6.82,3,140.0,2.0,138.0,142.0
7,7.03,3,155.0,2.0,153.0,157.0
8,7.18,3,165.0,2.0,163.0,167.0
9,7.41,3,170.0,2.0,168.0,172.0
10,8.02,3,182.0,2.0,180.0,184.0
11,9.98,3,192.0,2.0,190.0,194.0
