index,Group,n,mean,std,median,min,max
0,A_5,10,5.126192066104985,0.27572532715521375,5.116324417123117,4.736699828876863,5.756103775156881
1,B_10,9,6.51169476854103,0.45830640447395826,6.465669563108248,5.509771675449453,6.953254505450907
2,C_15,9,4.597269201999579,0.9784912265310328,4.393807030901579,3.472471485641352,6.883878750904584
